2018–19 CURRENT EXPENSE PER AVERAGE DAILY ATTENDANCE (ADA) - CDS Code,,,,,,
CALIFORNIA DEPARTMENT OF EDUCATION - SCHOOL FISCAL SERVICES DIVISION,,,,,,
"As of August 21, 2020",,,,,,
Questions: ,,,,,,
Email: sacsinfo@cde.ca.gov,,,,,,
Phone: 916-322-1770,,,,,,
CO Code = County Code,,,,,,
LEA = Local educational agency,,,,,,
EDP 365 = Expenditures for Current Expense of Education,,,,,,
"CDS = County, District, School code",,,,,,
CO Code,District Code,District,EDP 365,"Current
Expense ADA","Current
Expense Per ADA",LEA Type
01,61119,Alameda Unified,"117,225,882.50","8,968.85","13,070.34",Unified
01,61127,Albany City Unified,"46,611,059.59","3,544.52","13,150.18",Unified
01,61143,Berkeley Unified,"159,457,818.49","9,356.44","17,042.57",Unified
01,61150,Castro Valley Unified,"102,239,937.34","8,940.20","11,435.98",Unified
01,61168,Emery Unified,"12,504,023.21",681.82,"18,339.19",Unified
01,61176,Fremont Unified,"382,169,476.39","33,966.73","11,251.29",Unified
01,61192,Hayward Unified,"266,964,086.73","18,755.20","14,234.14",Unified
01,61200,Livermore Valley Joint Unified,"158,623,654.06","13,142.04","12,069.94",Unified
01,61218,Mountain House Elementary,"485,228.79",14.93,"32,500.25",Elementary
01,61234,Newark Unified,"66,780,274.76","5,552.86","12,026.28",Unified
01,61242,New Haven Unified,"124,186,922.85","10,017.51","12,396.99",Unified
01,61259,Oakland Unified,"538,133,451.77","32,801.87","16,405.57",Unified
01,61275,Piedmont City Unified,"42,452,180.51","2,521.94","16,833.14",Unified
01,61291,San Leandro Unified,"106,671,109.38","8,472.52","12,590.25",Unified
01,61309,San Lorenzo Unified,"129,723,029.06","9,643.82","13,451.42",Unified
01,75093,Dublin Unified,"122,537,246.11","11,769.85","10,411.11",Unified
01,75101,Pleasanton Unified,"165,366,882.26","14,502.94","11,402.30",Unified
01,75119,Sunol Glen Unified,"3,706,763.50",287.16,"12,908.36",Unified
02,61333,Alpine County Unified,"3,202,880.16",74.47,"43,009.00",Unified
03,73981,Amador County Unified,"36,092,488.90","3,775.31","9,560.14",Unified
04,61382,Bangor Union Elementary,"1,327,313.08",100.54,"13,201.84",Elementary
04,61408,Biggs Unified,"6,898,491.99",580.23,"11,889.24",Unified
04,61424,Chico Unified,"145,844,464.85","11,783.23","12,377.29",Unified
04,61432,Durham Unified,"11,132,391.88",997.79,"11,157.05",Unified
04,61440,Feather Falls Union Elementary,"372,480.94",8.58,"43,412.70",Elementary
04,61457,Golden Feather Union Elementary,"1,613,106.24",52.23,"30,884.67",Elementary
04,61499,Manzanita Elementary,"2,977,943.00",307.96,"9,669.90",Elementary
04,61507,Oroville City Elementary,"27,712,864.55","2,152.97","12,871.92",Elementary
04,61515,Oroville Union High,"27,856,421.22","1,981.00","14,061.80",High
04,61523,Palermo Union Elementary,"14,778,799.21","1,254.01","11,785.23",Elementary
04,61531,Paradise Unified,"39,503,177.92","3,152.85","12,529.36",Unified
04,61549,Thermalito Union Elementary,"18,706,372.38","1,496.18","12,502.76",Elementary
04,73379,Pioneer Union Elementary,"901,929.73",56.94,"15,840.00",Elementary
04,75507,Gridley Unified,"23,369,909.91","1,981.06","11,796.67",Unified
05,61556,Bret Harte Union High,"10,985,988.83",598.04,"18,369.99",High
05,61564,Calaveras Unified,"31,919,226.42","2,644.37","12,070.64",Unified
05,61572,Mark Twain Union Elementary,"8,077,589.67",734.86,"10,992.01",Elementary
05,61580,Vallecito Union Elementary,"8,143,777.57",537.75,"15,144.17",Elementary
06,61598,Colusa Unified,"15,853,987.43","1,422.61","11,144.30",Unified
06,61606,Maxwell Unified,"4,254,259.99",326.88,"13,014.75",Unified
06,61614,Pierce Joint Unified,"15,109,109.81","1,415.63","10,673.06",Unified
06,61622,Williams Unified,"15,600,533.12","1,227.27","12,711.57",Unified
07,61630,Acalanes Union High,"80,123,902.30","5,426.46","14,765.41",High
07,61648,Antioch Unified,"205,569,457.13","15,156.59","13,563.04",Unified
07,61655,Brentwood Union Elementary,"96,904,869.64","8,898.20","10,890.39",Elementary
07,61663,Byron Union Elementary,"17,425,135.55","1,418.25","12,286.36",Elementary
07,61671,Canyon Elementary,"899,163.92",66.33,"13,555.92",Elementary
07,61697,John Swett Unified,"16,944,620.73","1,335.12","12,691.46",Unified
07,61705,Knightsen Elementary,"6,221,985.62",605.04,"10,283.59",Elementary
07,61713,Lafayette Elementary,"41,807,976.28","3,468.09","12,055.04",Elementary
07,61721,Liberty Union High,"90,972,618.34","7,762.41","11,719.64",High
07,61739,Martinez Unified,"45,252,516.04","3,935.66","11,498.08",Unified
07,61747,Moraga Elementary,"22,235,245.62","1,813.83","12,258.73",Elementary
07,61754,Mt. Diablo Unified,"378,275,568.53","29,298.72","12,910.99",Unified
07,61762,Oakley Union Elementary,"52,605,706.78","5,013.52","10,492.77",Elementary
07,61770,Orinda Union Elementary,"33,286,206.62","2,474.31","13,452.72",Elementary
07,61788,Pittsburg Unified,"140,830,835.49","10,723.85","13,132.49",Unified
07,61796,West Contra Costa Unified,"356,728,761.91","26,406.71","13,509.02",Unified
07,61804,San Ramon Valley Unified,"339,618,872.50","31,055.22","10,935.97",Unified
07,61812,Walnut Creek Elementary,"38,235,135.19","3,416.33","11,191.87",Elementary
08,61820,Del Norte County Unified,"44,698,597.30","3,392.97","13,173.89",Unified
09,61838,Buckeye Union Elementary,"49,356,482.11","4,544.81","10,859.97",Elementary
09,61846,Camino Union Elementary,"5,331,758.13",450.21,"11,842.82",Elementary
09,61853,El Dorado Union High,"77,743,140.76","6,299.68","12,340.81",High
09,61879,Gold Oak Union Elementary,"4,713,461.43",447.31,"10,537.35",Elementary
09,61887,Gold Trail Union Elementary,"6,773,635.68",631.41,"10,727.79",Elementary
09,61895,Indian Diggings Elementary,"296,802.07",18.55,"16,000.11",Elementary
09,61903,Lake Tahoe Unified,"48,032,847.67","3,590.02","13,379.55",Unified
09,61911,Latrobe Elementary,"2,188,019.36",141.16,"15,500.28",Elementary
09,61929,Mother Lode Union Elementary,"11,022,596.19",985.75,"11,181.94",Elementary
09,61945,Pioneer Union Elementary,"3,520,510.86",274.70,"12,815.84",Elementary
09,61952,Placerville Union Elementary,"13,321,636.86","1,241.10","10,733.73",Elementary
09,61960,Pollock Pines Elementary,"7,326,891.30",626.08,"11,702.80",Elementary
09,61978,Rescue Union Elementary,"36,921,824.81","3,531.00","10,456.48",Elementary
09,61986,Silver Fork Elementary,"422,941.94",9.62,"43,964.86",Elementary
09,73783,Black Oak Mine Unified,"11,758,400.93",977.58,"12,028.07",Unified
10,61994,Alvina Elementary,"2,322,223.44",197.39,"11,764.65",Elementary
10,62026,Big Creek Elementary,"1,176,284.59",44.90,"26,197.88",Elementary
10,62042,Burrel Union Elementary,"1,731,008.21",119.69,"14,462.43",Elementary
10,62109,Clay Joint Elementary,"2,397,591.69",240.61,"9,964.64",Elementary
10,62117,Clovis Unified,"445,849,473.76","41,008.48","10,872.13",Unified
10,62125,Coalinga-Huron Unified,"54,650,684.31","4,015.70","13,609.25",Unified
10,62158,Fowler Unified,"31,435,016.84","2,482.44","12,662.95",Unified
10,62166,Fresno Unified,"910,693,019.62","66,761.96","13,640.90",Unified
10,62240,Kingsburg Elementary Charter,"21,783,570.96","2,231.20","9,763.16",Elementary
10,62257,Kingsburg Joint Union High,"13,772,119.34","1,099.16","12,529.68",High
10,62265,Kings Canyon Joint Unified,"117,294,184.14","9,081.53","12,915.69",Unified
10,62281,Laton Joint Unified,"9,666,240.15",631.78,"15,300.01",Unified
10,62323,Monroe Elementary,"2,333,661.50",156.74,"14,888.74",Elementary
10,62331,Orange Center Elementary,"4,199,403.12",303.48,"13,837.50",Elementary
10,62356,Pacific Union Elementary,"5,539,780.22",388.45,"14,261.24",Elementary
10,62364,Parlier Unified,"43,396,409.98","3,315.64","13,088.40",Unified
10,62372,Pine Ridge Elementary,"2,289,525.83",99.79,"22,943.44",Elementary
10,62380,Raisin City Elementary,"4,139,851.37",278.68,"14,855.22",Elementary
10,62414,Sanger Unified,"126,812,104.77","10,417.61","12,172.86",Unified
10,62430,Selma Unified,"83,968,563.15","6,099.85","13,765.68",Unified
10,62513,Washington Colony Elementary,"4,844,343.65",441.09,"10,982.66",Elementary
10,62539,West Park Elementary,"4,563,915.65",348.98,"13,077.87",Elementary
10,62547,Westside Elementary,"3,248,988.75",177.86,"18,267.11",Elementary
10,73809,Firebaugh-Las Deltas Unified,"30,060,423.62","2,155.56","13,945.53",Unified
10,73965,Central Unified,"174,390,715.01","14,932.98","11,678.23",Unified
10,73999,Kerman Unified,"55,517,150.47","5,018.86","11,061.71",Unified
10,75127,Mendota Unified,"40,020,598.57","3,330.32","12,017.04",Unified
10,75234,Golden Plains Unified,"23,921,080.97","1,546.63","15,466.58",Unified
10,75275,Sierra Unified,"17,211,194.94","1,194.08","14,413.77",Unified
10,75408,Riverdale Joint Unified,"20,726,992.18","1,506.65","13,757.01",Unified
10,75598,Caruthers Unified,"18,017,826.49","1,443.35","12,483.34",Unified
10,76778,Washington Unified,"34,915,218.23","2,461.02","14,187.30",Unified
11,62554,Capay Joint Union Elementary,"1,671,436.21",197.73,"8,453.12",Elementary
11,62596,Lake Elementary,"1,634,742.87",180.00,"9,081.90",Elementary
11,62638,Plaza Elementary,"1,592,466.02",199.79,"7,970.70",Elementary
11,62646,Princeton Joint Unified,"2,211,203.36",135.86,"16,275.60",Unified
11,62653,Stony Creek Joint Unified,"1,796,497.38",59.68,"30,102.17",Unified
11,62661,Willows Unified,"13,541,257.01","1,380.38","9,809.80",Unified
11,75481,Orland Joint Unified,"25,846,507.24","2,133.82","12,112.79",Unified
11,76562,Hamilton Unified,"7,881,946.74",687.79,"11,459.82",Unified
12,62679,Arcata Elementary,"6,559,204.75",497.24,"13,191.23",Elementary
12,62687,Northern Humboldt Union High,"20,452,052.57","1,406.31","14,543.06",High
12,62695,Big Lagoon Union Elementary,"501,440.36",16.47,"30,445.68",Elementary
12,62703,Blue Lake Union Elementary,"2,083,505.40",150.44,"13,849.41",Elementary
12,62729,Bridgeville Elementary,"599,088.57",29.94,"20,009.64",Elementary
12,62737,Cuddeback Union Elementary,"1,565,857.89",142.43,"10,993.88",Elementary
12,62745,Cutten Elementary,"5,630,491.96",589.92,"9,544.50",Elementary
12,62794,Fieldbrook Elementary,"1,426,529.12",132.76,"10,745.17",Elementary
12,62810,Fortuna Union High,"13,456,258.65","1,011.23","13,306.82",High
12,62828,Freshwater Elementary,"3,228,269.40",288.74,"11,180.54",Elementary
12,62836,Garfield Elementary,"847,298.02",60.28,"14,056.04",Elementary
12,62851,Green Point Elementary,"285,992.59",17.83,"16,039.97",Elementary
12,62885,Hydesville Elementary,"1,871,055.10",181.39,"10,315.10",Elementary
12,62893,Jacoby Creek Elementary,"4,523,586.76",448.09,"10,095.26",Elementary
12,62901,Klamath-Trinity Joint Unified,"19,542,112.24",894.77,"21,840.37",Unified
12,62919,Kneeland Elementary,"385,131.41",13.34,"28,870.42",Elementary
12,62927,Loleta Union Elementary,"1,767,786.82",105.57,"16,745.16",Elementary
12,62935,Maple Creek Elementary,"336,887.60",4.82,"69,893.69",Elementary
12,62950,Mckinleyville Union Elementary,"12,303,262.53","1,066.42","11,536.98",Elementary
12,62968,Orick Elementary,"548,665.53",18.48,"29,689.69",Elementary
12,62976,Pacific Union Elementary,"5,852,641.79",533.02,"10,980.15",Elementary
12,62984,Peninsula Union Elementary,"682,227.14",38.50,"17,720.19",Elementary
12,63008,Rio Dell Elementary,"3,707,173.49",291.15,"12,732.86",Elementary
12,63024,Scotia Union Elementary,"2,246,695.13",168.81,"13,309.02",Elementary
12,63032,South Bay Union Elementary,"4,949,807.42",390.78,"12,666.48",Elementary
12,63040,Southern Humboldt Joint Unified,"9,447,330.49",690.22,"13,687.42",Unified
12,63057,Trinidad Union Elementary,"2,071,639.34",192.31,"10,772.40",Elementary
12,75374,Ferndale Unified,"6,593,766.84",450.64,"14,632.01",Unified
12,75382,Mattole Unified,"1,699,397.98",48.79,"34,830.87",Unified
12,75515,Eureka City Unified,"42,610,085.71","3,387.66","12,578.03",Unified
12,76802,Fortuna Elementary,"13,497,620.49","1,081.68","12,478.39",Elementary
13,63073,Brawley Elementary,"51,320,630.81","3,859.97","13,295.60",Elementary
13,63081,Brawley Union High,"25,381,776.40","1,843.55","13,767.88",High
13,63099,Calexico Unified,"117,889,165.07","8,786.56","13,416.99",Unified
13,63107,Calipatria Unified,"15,757,347.24","1,080.21","14,587.30",Unified
13,63115,Central Union High,"52,303,844.74","3,952.80","13,232.10",High
13,63123,El Centro Elementary,"65,893,863.82","5,093.60","12,936.60",Elementary
13,63131,Heber Elementary,"15,231,041.61","1,226.17","12,421.64",Elementary
13,63149,Holtville Unified,"19,498,582.91","1,509.37","12,918.36",Unified
13,63164,Imperial Unified,"46,140,787.99","4,117.91","11,204.90",Unified
13,63172,Magnolia Union Elementary,"1,387,431.46",137.60,"10,083.08",Elementary
13,63180,Mccabe Union Elementary,"13,600,392.89","1,323.70","10,274.53",Elementary
13,63198,Meadows Union Elementary,"6,336,218.09",473.22,"13,389.58",Elementary
13,63206,Mulberry Elementary,"902,754.17",74.79,"12,070.52",Elementary
13,63214,San Pasqual Valley Unified,"15,094,511.35",645.87,"23,370.82",Unified
13,63222,Seeley Union Elementary,"4,867,443.16",359.48,"13,540.23",Elementary
13,63230,Westmorland Union Elementary,"5,858,235.91",390.42,"15,004.96",Elementary
14,63248,Big Pine Unified,"3,651,349.03",128.09,"28,506.12",Unified
14,63271,Death Valley Unified,"1,304,764.47",25.21,"51,755.83",Unified
14,63289,Lone Pine Unified,"4,996,604.85",295.48,"16,910.13",Unified
14,63297,Owens Valley Unified,"2,000,202.22",74.30,"26,920.62",Unified
14,63305,Round Valley Joint Elementary,"1,540,894.78",127.13,"12,120.62",Elementary
14,76687,Bishop Unified,"22,035,265.35","1,862.56","11,830.63",Unified
15,63313,Arvin Union Elementary,"36,476,630.71","2,983.99","12,224.11",Elementary
15,63321,Bakersfield City Elementary,"411,789,611.88","29,418.09","13,997.84",Elementary
15,63339,Beardsley Elementary,"22,289,921.91","1,814.25","12,286.03",Elementary
15,63347,Belridge Elementary,"1,002,462.05",36.12,"27,753.66",Elementary
15,63354,Blake Elementary,"199,974.51",13.28,"15,058.32",Elementary
15,63362,Panama-Buena Vista Union Elementary,"202,673,481.91","17,843.13","11,358.63",Elementary
15,63370,Buttonwillow Union Elementary,"4,668,764.60",315.69,"14,789.08",Elementary
15,63388,Caliente Union Elementary,"743,817.29",44.35,"16,771.53",Elementary
15,63404,Delano Union Elementary,"74,390,688.86","5,073.22","14,663.41",Elementary
15,63412,Delano Joint Union High,"56,962,787.65","4,028.35","14,140.48",High
15,63420,Di Giorgio Elementary,"2,300,432.56",202.73,"11,347.27",Elementary
15,63438,Edison Elementary,"13,314,896.43","1,014.02","13,130.80",Elementary
15,63446,Elk Hills Elementary,"1,823,394.65",180.86,"10,081.80",Elementary
15,63461,Fairfax Elementary,"30,948,763.69","2,563.52","12,072.76",Elementary
15,63479,Fruitvale Elementary,"30,912,748.33","3,062.36","10,094.42",Elementary
15,63487,General Shafter Elementary,"2,697,710.28",154.07,"17,509.64",Elementary
15,63503,Greenfield Union,"103,626,298.64","9,150.01","11,325.27",Elementary
15,63529,Kern High,"515,782,697.33","37,677.86","13,689.28",High
15,63545,Kernville Union Elementary,"11,676,688.60",840.61,"13,890.73",Elementary
15,63552,Lakeside Union Elementary,"13,214,107.04","1,332.22","9,918.86",Elementary
15,63560,Lamont Elementary,"36,491,769.70","2,886.43","12,642.53",Elementary
15,63578,Richland Union Elementary,"37,533,904.43","2,780.77","13,497.67",Elementary
15,63586,Linns Valley-Poso Flat Union,"553,207.18",17.85,"30,992.00",Elementary
15,63594,Lost Hills Union Elementary,"6,914,978.37",405.10,"17,069.81",Elementary
15,63610,Maple Elementary,"2,652,053.29",282.20,"9,397.78",Elementary
15,63628,Maricopa Unified,"5,600,755.20",275.97,"20,294.80",Unified
15,63651,Mckittrick Elementary,"2,021,002.44",71.97,"28,081.18",Elementary
15,63669,Midway Elementary,"1,450,513.79",81.43,"17,813.01",Elementary
15,63677,Mojave Unified,"32,978,837.03","2,559.87","12,883.01",Unified
15,63685,Muroc Joint Unified,"19,221,351.13","1,688.71","11,382.27",Unified
15,63693,Norris Elementary,"34,300,556.48","4,066.43","8,435.05",Elementary
15,63719,Pond Union Elementary,"2,768,151.10",185.33,"14,936.34",Elementary
15,63750,Rosedale Union Elementary,"54,781,257.84","5,593.59","9,793.58",Elementary
15,63768,Semitropic Elementary,"2,334,753.34",205.00,"11,389.04",Elementary
15,63776,Southern Kern Unified,"41,783,045.65","3,329.18","12,550.55",Unified
15,63784,South Fork Union Elementary,"2,940,650.35",243.71,"12,066.19",Elementary
15,63792,Standard Elementary,"31,909,418.90","2,882.35","11,070.63",Elementary
15,63800,Taft City Elementary,"24,527,114.71","2,218.16","11,057.41",Elementary
15,63818,Taft Union High,"21,214,926.93",952.54,"22,271.95",High
15,63826,Tehachapi Unified,"43,350,427.29","4,029.78","10,757.52",Unified
15,63834,Vineland Elementary,"7,480,004.06",637.48,"11,733.71",Elementary
15,63842,Wasco Union Elementary,"41,683,351.70","3,514.66","11,859.85",Elementary
15,63859,Wasco Union High,"21,409,174.16","1,750.19","12,232.49",High
15,73544,Rio Bravo-Greeley Union Elementary,"9,833,637.94","1,033.36","9,516.18",Elementary
15,73742,Sierra Sands Unified,"57,305,929.19","4,849.05","11,817.97",Unified
15,73908,Mcfarland Unified,"41,739,885.55","3,306.93","12,621.94",Unified
15,75168,El Tejon Unified,"8,625,448.99",684.41,"12,602.75",Unified
16,63875,Armona Union Elementary,"11,483,327.65",912.26,"12,587.78",Elementary
16,63883,Central Union Elementary,"26,162,168.65","1,777.65","14,717.28",Elementary
16,63891,Corcoran Joint Unified,"39,711,773.39","3,118.53","12,734.13",Unified
16,63917,Hanford Elementary,"62,377,941.08","5,345.94","11,668.28",Elementary
16,63925,Hanford Joint Union High,"46,471,416.45","3,603.60","12,895.83",High
16,63933,Island Union Elementary,"3,856,248.03",421.44,"9,150.17",Elementary
16,63941,Kings River-Hardwick Union Elementary,"7,739,723.18",788.05,"9,821.36",Elementary
16,63958,Kit Carson Union Elementary,"4,311,511.85",363.16,"11,872.21",Elementary
16,63966,Lakeside Union Elementary,"3,641,746.82",305.58,"11,917.49",Elementary
16,63974,Lemoore Union Elementary,"33,327,483.98","3,035.25","10,980.14",Elementary
16,63982,Lemoore Union High,"23,235,434.20","1,812.35","12,820.61",High
16,63990,Pioneer Union Elementary,"15,814,706.83","1,529.47","10,339.99",Elementary
16,73932,Reef-Sunset Unified,"33,543,580.55","2,550.86","13,149.91",Unified
17,64014,Kelseyville Unified,"21,984,210.28","1,596.33","13,771.72",Unified
17,64022,Konocti Unified,"43,234,686.37","3,226.14","13,401.37",Unified
17,64030,Lakeport Unified,"18,211,595.17","1,365.89","13,333.13",Unified
17,64048,Lucerne Elementary,"3,131,639.23",246.41,"12,709.06",Elementary
17,64055,Middletown Unified,"15,726,039.78","1,399.11","11,240.03",Unified
17,76976,Upper Lake Unified,"10,287,378.07",760.23,"13,531.93",Unified
18,64089,Big Valley Joint Unified,"2,443,847.29",122.78,"19,904.28",Unified
18,64105,Janesville Union Elementary,"3,452,372.60",355.02,"9,724.45",Elementary
18,64113,Johnstonville Elementary,"1,813,212.15",178.39,"10,164.31",Elementary
18,64139,Lassen Union High,"9,631,137.89",724.86,"13,286.89",High
18,64162,Ravendale-Termo Elementary,"269,180.12",6.51,"41,348.71",Elementary
18,64170,Richmond Elementary,"1,985,589.57",213.00,"9,322.02",Elementary
18,64188,Shaffer Union Elementary,"1,997,788.78",186.13,"10,733.30",Elementary
18,64196,Susanville Elementary,"10,528,193.23","1,044.58","10,078.88",Elementary
18,64204,Westwood Unified,"2,608,781.27",165.50,"15,763.03",Unified
18,75036,Fort Sage Unified,"2,312,850.40",124.13,"18,632.49",Unified
19,64212,ABC Unified,"230,685,270.33","19,754.36","11,677.69",Unified
19,64246,Antelope Valley Union High,"270,991,264.10","19,425.97","13,949.95",High
19,64261,Arcadia Unified,"106,247,183.82","9,128.98","11,638.45",Unified
19,64279,Azusa Unified,"110,109,228.03","7,744.16","14,218.36",Unified
19,64287,Baldwin Park Unified,"166,397,356.72","12,017.21","13,846.59",Unified
19,64295,Bassett Unified,"43,150,223.41","3,318.11","13,004.46",Unified
19,64303,Bellflower Unified,"145,793,378.49","11,291.62","12,911.64",Unified
19,64311,Beverly Hills Unified,"71,118,089.23","3,599.35","19,758.59",Unified
19,64329,Bonita Unified,"107,261,273.80","9,670.69","11,091.38",Unified
19,64337,Burbank Unified,"169,596,961.86","14,579.31","11,632.72",Unified
19,64345,Castaic Union Elementary,"20,981,654.08","1,971.88","10,640.43",Elementary
19,64352,Centinela Valley Union High,"95,859,688.80","5,935.08","16,151.37",High
19,64378,Charter Oak Unified,"55,746,076.09","4,457.01","12,507.51",Unified
19,64394,Claremont Unified,"76,595,379.22","6,658.99","11,502.55",Unified
19,64436,Covina-Valley Unified,"147,089,434.81","11,258.91","13,064.27",Unified
19,64444,Culver City Unified,"79,743,589.95","6,864.99","11,615.98",Unified
19,64451,Downey Unified,"271,186,754.25","21,135.17","12,831.07",Unified
19,64469,Duarte Unified,"45,566,001.18","3,416.81","13,335.83",Unified
19,64477,Eastside Union Elementary,"40,419,150.41","3,088.01","13,089.06",Elementary
19,64485,East Whittier City Elementary,"95,459,598.25","8,323.12","11,469.21",Elementary
19,64501,El Monte City Elementary,"108,106,011.63","7,929.07","13,634.14",Elementary
19,64519,El Monte Union High,"121,314,592.88","8,130.07","14,921.72",High
19,64527,El Rancho Unified,"101,714,507.87","8,158.97","12,466.59",Unified
19,64535,El Segundo Unified,"38,774,925.31","3,340.01","11,609.22",Unified
19,64550,Garvey Elementary,"64,214,012.21","4,447.65","14,437.74",Elementary
19,64568,Glendale Unified,"305,954,698.14","24,874.43","12,299.97",Unified
19,64576,Glendora Unified,"79,635,072.68","6,943.15","11,469.59",Unified
19,64584,Gorman Joint,"1,227,959.29",74.57,"16,467.20",Elementary
19,64592,Hawthorne Elementary,"89,979,569.93","7,176.50","12,538.09",Elementary
19,64600,Hermosa Beach City Elementary,"13,362,937.22","1,293.39","10,331.72",Elementary
19,64626,Hughes-Elizabeth Lakes Union Elementary,"1,955,290.47",182.99,"10,685.23",Elementary
19,64634,Inglewood Unified,"120,144,977.68","8,201.49","14,649.16",Unified
19,64642,Keppel Union Elementary,"31,943,932.54","2,511.85","12,717.29",Elementary
19,64659,La Canada Unified,"46,643,418.70","4,036.94","11,554.15",Unified
19,64667,Lancaster Elementary,"161,943,446.33","13,287.61","12,187.55",Elementary
19,64683,Las Virgenes Unified,"120,746,307.83","10,663.53","11,323.30",Unified
19,64691,Lawndale Elementary,"79,279,792.94","5,070.03","15,636.95",Elementary
19,64709,Lennox Elementary,"72,202,973.75","5,089.12","14,187.71",Elementary
19,64717,Little Lake City Elementary,"51,125,188.65","4,153.92","12,307.70",Elementary
19,64725,Long Beach Unified,"907,662,690.03","69,003.32","13,153.90",Unified
19,64733,Los Angeles Unified,"7,213,548,356.51","453,121.47","15,919.68",Unified
19,64758,Los Nietos Elementary,"22,985,106.78","1,504.78","15,274.73",Elementary
19,64766,Lowell Joint Elementary,"29,118,385.04","3,069.42","9,486.61",Elementary
19,64774,Lynwood Unified,"172,236,162.51","12,790.36","13,466.09",Unified
19,64790,Monrovia Unified,"67,353,692.04","5,149.18","13,080.47",Unified
19,64808,Montebello Unified,"318,976,518.95","23,871.22","13,362.39",Unified
19,64816,Mountain View Elementary,"88,166,298.73","6,058.34","14,552.88",Elementary
19,64832,Newhall Elementary,"71,290,087.73","6,320.10","11,279.90",Elementary
19,64840,Norwalk-La Mirada Unified,"223,590,771.67","16,663.21","13,418.23",Unified
19,64857,Palmdale Elementary,"235,809,822.85","18,084.47","13,039.35",Elementary
19,64865,Palos Verdes Peninsula Unified,"127,056,965.43","10,824.85","11,737.53",Unified
19,64873,Paramount Unified,"187,494,282.21","14,139.59","13,260.23",Unified
19,64881,Pasadena Unified,"216,140,980.56","15,395.84","14,038.92",Unified
19,64907,Pomona Unified,"292,839,808.22","21,581.65","13,568.93",Unified
19,64931,Rosemead Elementary,"31,597,328.82","2,364.94","13,360.73",Elementary
19,64964,San Marino Unified,"40,602,014.46","2,903.36","13,984.49",Unified
19,64980,Santa Monica-Malibu Unified,"157,457,042.97","10,070.34","15,635.72",Unified
19,64998,Saugus Union Elementary,"103,586,725.54","9,462.05","10,947.60",Elementary
19,65029,South Pasadena Unified,"49,919,287.16","4,627.27","10,788.06",Unified
19,65037,South Whittier Elementary,"35,005,182.86","2,600.19","13,462.55",Elementary
19,65045,Sulphur Springs Union Elementary,"57,297,081.96","5,123.30","11,183.63",Elementary
19,65052,Temple City Unified,"59,227,544.92","5,529.05","10,712.07",Unified
19,65060,Torrance Unified,"246,874,250.31","22,483.70","10,980.14",Unified
19,65078,Valle Lindo Elementary,"13,118,268.47","1,049.08","12,504.55",Elementary
19,65094,West Covina Unified,"118,789,978.60","8,217.89","14,455.05",Unified
19,65102,Westside Union Elementary,"97,843,032.65","9,210.81","10,622.63",Elementary
19,65110,Whittier City Elementary,"69,559,854.33","5,806.83","11,978.97",Elementary
19,65128,Whittier Union High,"158,246,087.94","10,868.30","14,560.33",High
19,65136,William S. Hart Union High,"255,144,957.17","21,359.30","11,945.38",High
19,65151,Wilsona Elementary,"14,437,211.40","1,177.79","12,257.88",Elementary
19,73437,Compton Unified,"290,278,111.15","19,816.21","14,648.52",Unified
19,73445,Hacienda La Puente Unified,"213,546,712.57","17,395.21","12,276.18",Unified
19,73452,Rowland Unified,"165,022,747.51","12,728.74","12,964.58",Unified
19,73460,Walnut Valley Unified,"142,291,876.74","13,575.79","10,481.30",Unified
19,75291,San Gabriel Unified,"62,011,475.72","4,816.76","12,874.11",Unified
19,75309,Acton-Agua Dulce Unified,"14,654,006.70","1,027.63","14,260.00",Unified
19,75333,Manhattan Beach Unified,"87,391,823.60","6,310.70","13,848.20",Unified
19,75341,Redondo Beach Unified,"103,289,495.22","9,632.86","10,722.62",Unified
19,75713,Alhambra Unified,"210,900,295.93","15,966.72","13,208.74",Unified
19,76869,Wiseburn Unified,"28,145,161.09","2,446.43","11,504.58",Unified
20,65177,Alview-Dairyland Union Elementary,"4,123,469.22",388.31,"10,619.01",Elementary
20,65185,Bass Lake Joint Union Elementary,"9,103,294.19",846.90,"10,748.96",Elementary
20,65193,Chowchilla Elementary,"23,874,920.26","2,159.99","11,053.25",Elementary
20,65201,Chowchilla Union High,"13,012,609.29","1,035.13","12,570.99",High
20,65243,Madera Unified,"235,737,618.91","18,888.33","12,480.60",Unified
20,65276,Raymond-Knowles Union Elementary,"1,070,212.58",78.04,"13,713.64",Elementary
20,75580,Golden Valley Unified,"21,014,692.99","1,917.59","10,958.91",Unified
20,75606,Chawanakee Unified,"9,028,332.83",693.51,"13,018.32",Unified
20,76414,Yosemite Unified,"18,536,563.22","1,451.42","12,771.33",Unified
21,65300,Bolinas-Stinson Union Elementary,"4,421,921.24",81.19,"54,463.87",Elementary
21,65318,Dixie Elementary,"24,561,156.37","1,912.43","12,842.90",Elementary
21,65334,Kentfield Elementary,"18,924,845.00","1,177.58","16,070.96",Elementary
21,65342,Laguna Joint Elementary,"298,471.51",13.51,"22,092.64",Elementary
21,65359,Lagunitas Elementary,"3,991,697.82",220.37,"18,113.62",Elementary
21,65367,Larkspur-Corte Madera,"21,024,739.44","1,487.50","14,134.28",Elementary
21,65375,Lincoln Elementary,"334,423.01",3.87,"86,414.21",Elementary
21,65391,Mill Valley Elementary,"45,342,646.55","2,838.87","15,972.08",Elementary
21,65409,Nicasio Elementary,"957,569.05",37.67,"25,419.94",Elementary
21,65417,Novato Unified,"91,430,746.70","7,120.98","12,839.63",Unified
21,65425,Reed Union Elementary,"22,648,708.99","1,307.70","17,319.50",Elementary
21,65433,Ross Elementary,"8,305,128.36",379.87,"21,863.08",Elementary
21,65458,San Rafael City Elementary,"57,159,049.90","4,444.34","12,861.09",Elementary
21,65466,San Rafael City High,"37,237,637.81","2,490.36","14,952.71",High
21,65474,Sausalito Marin City Elementary,"5,678,822.41",108.49,"52,344.20",Elementary
21,65482,Tamalpais Union High,"94,233,344.32","4,784.59","19,695.18",High
21,73361,Shoreline Unified,"14,190,854.81",477.13,"29,742.11",Unified
21,75002,Ross Valley Elementary,"26,363,642.25","1,997.01","13,201.56",Elementary
22,65532,Mariposa County Unified,"21,381,753.97","1,597.57","13,383.92",Unified
23,65540,Anderson Valley Unified,"7,792,586.68",446.00,"17,472.17",Unified
23,65565,Fort Bragg Unified,"23,447,250.64","1,678.03","13,973.08",Unified
23,65573,Manchester Union Elementary,"852,589.91",36.43,"23,403.51",Elementary
23,65581,Mendocino Unified,"8,682,168.75",496.35,"17,492.03",Unified
23,65607,Round Valley Unified,"7,960,364.91",381.05,"20,890.60",Unified
23,65615,Ukiah Unified,"75,204,715.36","5,592.26","13,448.00",Unified
23,65623,Willits Unified,"20,169,877.18","1,402.11","14,385.37",Unified
23,73866,Potter Valley Community Unified,"3,995,787.29",246.72,"16,195.64",Unified
23,73916,Laytonville Unified,"5,637,158.67",334.07,"16,874.18",Unified
23,75218,Leggett Valley Unified,"2,532,724.55",116.14,"21,807.51",Unified
23,76349,Arena Union Elementary/Point Arena Joint Union High ,"7,605,360.14",343.34,"22,151.10",Comm admin dist
24,65631,Atwater Elementary,"50,373,511.13","4,898.67","10,283.10",Elementary
24,65649,Ballico-Cressey Elementary,"1,112,797.49",45.92,"24,233.39",Elementary
24,65680,El Nido Elementary,"2,301,178.77",169.41,"13,583.49",Elementary
24,65698,Hilmar Unified,"27,435,691.56","2,249.43","12,196.73",Unified
24,65722,Le Grand Union Elementary,"5,059,918.62",358.37,"14,119.26",Elementary
24,65730,Le Grand Union High,"7,339,517.27",470.84,"15,588.13",High
24,65748,Livingston Union Elementary,"28,127,262.95","2,384.87","11,794.04",Elementary
24,65755,Los Banos Unified,"123,537,113.74","10,450.78","11,820.85",Unified
24,65763,McSwain Union Elementary,"8,723,461.70",845.04,"10,323.13",Elementary
24,65771,Merced City Elementary,"123,464,874.48","10,550.32","11,702.48",Elementary
24,65789,Merced Union High,"137,544,105.40","9,945.13","13,830.30",High
24,65813,Plainsburg Union Elementary,"1,115,453.87",104.39,"10,685.45",Elementary
24,65821,Planada Elementary,"10,816,184.70",787.70,"13,731.35",Elementary
24,65839,Snelling-Merced Falls Union Elementary,"1,133,884.44",71.56,"15,845.23",Elementary
24,65862,Weaver Union Elementary,"33,442,120.55","2,755.66","12,135.79",Elementary
24,65870,Winton Elementary,"21,927,722.34","1,917.98","11,432.72",Elementary
24,73619,Gustine Unified,"21,609,694.15","1,736.58","12,443.82",Unified
24,73726,Merced River Union Elementary,"1,885,240.25",173.66,"10,855.93",Elementary
24,75317,Dos Palos Oro Loma Joint Unified,"30,401,652.80","2,281.61","13,324.65",Unified
24,75366,Delhi Unified,"32,689,459.85","2,465.10","13,260.91",Unified
25,65896,Surprise Valley Joint Unified,"1,758,735.30",108.03,"16,280.06",Unified
25,73585,Modoc Joint Unified,"9,123,385.60",801.48,"11,383.17",Unified
25,73593,Tulelake Basin Joint Unified,"5,821,482.63",363.31,"16,023.46",Unified
26,73668,Eastern Sierra Unified,"10,198,560.88",382.96,"26,630.88",Unified
26,73692,Mammoth Unified,"14,107,207.29","1,146.87","12,300.62",Unified
27,65961,Alisal Union Elementary,"94,752,073.46","8,273.86","11,451.98",Elementary
27,65979,Bradley Union Elementary,"1,405,736.42",71.40,"19,688.19",Elementary
27,65987,Carmel Unified,"56,264,100.31","2,359.12","23,849.61",Unified
27,65995,Chualar Union Elementary,"3,997,143.69",293.49,"13,619.35",Elementary
27,66027,Graves Elementary,"455,108.07",41.08,"11,078.58",Elementary
27,66035,Greenfield Union Elementary,"45,027,661.98","3,443.46","13,076.28",Elementary
27,66050,King City Union Elementary,"30,476,793.81","2,558.24","11,913.19",Elementary
27,66068,South Monterey County Joint Union High,"30,055,679.87","2,200.76","13,656.95",High
27,66076,Lagunita Elementary,"1,013,915.41",97.70,"10,377.84",Elementary
27,66084,Mission Union Elementary,"1,471,756.78",124.23,"11,847.03",Elementary
27,66092,Monterey Peninsula Unified,"117,786,078.57","9,011.46","13,070.70",Unified
27,66134,Pacific Grove Unified,"33,796,400.62","1,904.30","17,747.41",Unified
27,66142,Salinas City Elementary,"99,855,408.70","8,300.12","12,030.60",Elementary
27,66159,Salinas Union High,"190,887,922.52","14,887.63","12,821.91",High
27,66167,San Antonio Union Elementary,"1,916,040.06",115.37,"16,607.78",Elementary
27,66175,San Ardo Union Elementary,"1,576,002.76",103.58,"15,215.32",Elementary
27,66183,San Lucas Union Elementary,"1,049,461.78",73.02,"14,372.25",Elementary
27,66191,Santa Rita Union Elementary,"35,020,468.93","3,462.42","10,114.45",Elementary
27,66225,Spreckels Union Elementary,"9,344,027.87",938.82,"9,952.95",Elementary
27,66233,Washington Union Elementary,"8,255,325.41",860.10,"9,598.10",Elementary
27,73825,North Monterey County Unified,"57,712,048.34","4,320.11","13,358.93",Unified
27,75150,Big Sur Unified,"924,327.85",11.02,"83,877.30",Unified
27,75440,Soledad Unified,"60,495,166.91","4,622.05","13,088.38",Unified
27,75473,Gonzales Unified,"30,370,795.07","2,257.99","13,450.37",Unified
28,66241,Calistoga Joint Unified,"16,625,776.24",833.56,"19,945.51",Unified
28,66258,Howell Mountain Elementary,"1,545,553.94",76.56,"20,187.49",Elementary
28,66266,Napa Valley Unified,"192,879,519.21","15,697.36","12,287.39",Unified
28,66282,Pope Valley Union Elementary,"1,538,496.53",46.44,"33,128.69",Elementary
28,66290,Saint Helena Unified,"33,564,781.54","1,262.10","26,594.39",Unified
29,66316,Chicago Park Elementary,"1,821,322.17",110.44,"16,491.51",Elementary
29,66324,Clear Creek Elementary,"1,565,483.33",153.34,"10,209.23",Elementary
29,66332,Grass Valley Elementary,"15,559,995.60","1,206.38","12,898.09",Elementary
29,66340,Nevada City Elementary,"8,091,707.86",690.61,"11,716.75",Elementary
29,66357,Nevada Joint Union High,"37,324,644.10","2,383.46","15,659.86",High
29,66373,Pleasant Ridge Union Elementary,"12,107,154.30","1,118.04","10,828.91",Elementary
29,66407,Union Hill Elementary,"7,079,471.01",672.78,"10,522.71",Elementary
29,66415,Twin Ridges Elementary,"1,762,600.17",90.31,"19,517.22",Elementary
29,76877,Penn Valley Union Elementary,"6,148,244.58",511.57,"12,018.38",Elementary
30,66423,Anaheim Elementary,"217,673,688.80","15,966.49","13,633.16",Elementary
30,66431,Anaheim Union High,"364,477,147.08","28,683.00","12,707.08",High
30,66449,Brea-Olinda Unified,"57,997,560.68","5,776.97","10,039.44",Unified
30,66456,Buena Park Elementary,"56,904,635.68","4,327.05","13,150.91",Elementary
30,66464,Capistrano Unified,"473,897,665.40","45,170.98","10,491.20",Unified
30,66472,Centralia Elementary,"50,715,343.48","4,107.48","12,347.07",Elementary
30,66480,Cypress Elementary,"40,888,194.28","3,800.49","10,758.66",Elementary
30,66498,Fountain Valley Elementary,"61,651,168.50","6,152.05","10,021.24",Elementary
30,66506,Fullerton Elementary,"146,916,754.35","12,652.94","11,611.27",Elementary
30,66514,Fullerton Joint Union High,"154,360,657.94","13,012.74","11,862.27",High
30,66522,Garden Grove Unified,"529,652,657.80","40,854.24","12,964.45",Unified
30,66530,Huntington Beach City Elementary,"65,789,906.49","6,423.20","10,242.54",Elementary
30,66548,Huntington Beach Union High,"191,539,816.73","15,164.13","12,631.11",High
30,66555,Laguna Beach Unified,"57,162,920.90","2,737.99","20,877.70",Unified
30,66563,La Habra City Elementary,"57,668,226.67","4,441.55","12,983.81",Elementary
30,66589,Magnolia Elementary,"67,665,541.01","5,639.41","11,998.69",Elementary
30,66597,Newport-Mesa Unified,"292,042,176.01","19,606.46","14,895.20",Unified
30,66613,Ocean View Elementary,"87,790,085.96","7,735.09","11,349.59",Elementary
30,66621,Orange Unified,"279,010,634.57","24,206.80","11,526.13",Unified
30,66647,Placentia-Yorba Linda Unified,"265,699,576.55","24,262.65","10,950.97",Unified
30,66670,Santa Ana Unified,"625,032,698.53","44,928.91","13,911.59",Unified
30,66696,Savanna Elementary,"25,200,672.83","2,115.48","11,912.51",Elementary
30,66746,Westminster Elementary,"104,036,504.16","8,883.76","11,710.86",Elementary
30,73635,Saddleback Valley Unified,"296,122,935.12","25,523.67","11,601.89",Unified
30,73643,Tustin Unified,"246,274,739.01","22,921.38","10,744.32",Unified
30,73650,Irvine Unified,"376,943,898.29","34,271.72","10,998.69",Unified
30,73924,Los Alamitos Unified,"108,644,810.37","9,470.12","11,472.38",Unified
31,66761,Ackerman Charter,"5,013,247.90",568.13,"8,824.12",Elementary
31,66779,Alta-Dutch Flat Union Elementary,"1,462,967.89",95.51,"15,317.43",Elementary
31,66787,Auburn Union Elementary,"20,119,582.34","1,663.77","12,092.77",Elementary
31,66795,Colfax Elementary,"4,291,710.11",350.35,"12,249.78",Elementary
31,66803,Dry Creek Joint Elementary,"69,019,613.03","6,498.72","10,620.49",Elementary
31,66829,Eureka Union Elementary,"35,057,033.44","3,243.92","10,807.00",Elementary
31,66837,Foresthill Union Elementary,"4,415,533.32",381.61,"11,570.80",Elementary
31,66845,Loomis Union Elementary,"23,524,758.93","2,410.17","9,760.62",Elementary
31,66852,Newcastle Elementary,"3,251,126.55",173.35,"18,754.70",Elementary
31,66886,Placer Hills Union Elementary,"7,378,466.44",724.13,"10,189.42",Elementary
31,66894,Placer Union High,"47,448,637.17","3,679.26","12,896.24",High
31,66910,Roseville City Elementary,"112,743,533.92","10,932.21","10,312.97",Elementary
31,66928,Roseville Joint Union High,"118,922,913.32","9,797.62","12,137.94",High
31,66944,Tahoe-Truckee Unified,"69,497,224.88","3,675.66","18,907.41",Unified
31,66951,Western Placer Unified,"74,358,031.53","6,764.79","10,991.92",Unified
31,75085,Rocklin Unified,"127,901,296.11","11,589.79","11,035.69",Unified
32,66969,Plumas Unified,"27,008,743.89","1,701.58","15,872.74",Unified
33,66977,Alvord Unified,"233,776,019.91","17,539.61","13,328.46",Unified
33,66985,Banning Unified,"57,967,453.27","4,244.92","13,655.72",Unified
33,66993,Beaumont Unified,"113,392,474.64","9,960.32","11,384.42",Unified
33,67033,Corona-Norco Unified,"576,153,307.81","50,989.66","11,299.41",Unified
33,67041,Desert Center Unified,"1,217,928.21",25.15,"48,426.57",Unified
33,67058,Desert Sands Unified,"328,383,803.36","24,772.64","13,255.91",Unified
33,67082,Hemet Unified,"272,916,593.57","20,074.85","13,594.95",Unified
33,67090,Jurupa Unified,"227,215,666.25","18,355.50","12,378.61",Unified
33,67116,Menifee Union Elementary,"100,731,791.61","9,973.77","10,099.67",Elementary
33,67124,Moreno Valley Unified,"418,387,905.20","30,564.66","13,688.62",Unified
33,67157,Nuview Union Elementary,"17,444,835.34","1,471.45","11,855.54",Elementary
33,67173,Palm Springs Unified,"299,003,247.04","20,338.86","14,701.08",Unified
33,67181,Palo Verde Unified,"35,111,393.77","2,761.97","12,712.45",Unified
33,67199,Perris Elementary,"61,866,714.60","4,619.84","13,391.53",Elementary
33,67207,Perris Union High,"122,746,122.80","9,008.25","13,625.97",High
33,67215,Riverside Unified,"498,809,655.54","38,720.17","12,882.42",Unified
33,67231,Romoland Elementary,"43,499,065.22","3,925.41","11,081.41",Elementary
33,67249,San Jacinto Unified,"123,520,040.12","9,605.69","12,859.05",Unified
33,73676,Coachella Valley Unified,"236,206,586.50","16,838.64","14,027.65",Unified
33,75176,Lake Elsinore Unified,"246,377,365.60","20,092.33","12,262.26",Unified
33,75192,Temecula Valley Unified,"282,842,860.92","26,622.22","10,624.32",Unified
33,75200,Murrieta Valley Unified,"239,474,229.09","22,088.73","10,841.47",Unified
33,75242,Val Verde Unified,"235,133,285.57","19,342.17","12,156.51",Unified
34,67280,Arcohe Union Elementary,"4,706,571.53",435.96,"10,795.88",Elementary
34,67314,Elk Grove Unified,"733,618,038.49","60,022.32","12,222.42",Unified
34,67322,Elverta Joint Elementary,"2,559,914.80",204.35,"12,527.11",Elementary
34,67330,Folsom-Cordova Unified,"223,508,669.27","19,502.48","11,460.53",Unified
34,67348,Galt Joint Union Elementary,"39,606,379.28","3,434.22","11,532.86",Elementary
34,67355,Galt Joint Union High,"27,835,247.62","2,071.02","13,440.36",High
34,67413,River Delta Joint Unified,"23,790,801.14","1,849.39","12,864.13",Unified
34,67421,Robla Elementary,"27,339,773.28","1,947.56","14,037.96",Elementary
34,67439,Sacramento City Unified,"521,831,152.21","38,125.12","13,687.33",Unified
34,67447,San Juan Unified,"475,626,254.48","37,400.58","12,717.08",Unified
34,73973,Center Joint Unified,"50,745,057.83","4,013.33","12,644.13",Unified
34,75283,Natomas Unified,"122,032,772.60","9,753.65","12,511.50",Unified
34,76505,Twin Rivers Unified,"340,385,281.10","24,149.91","14,094.68",Unified
35,67454,Bitterwater-Tully Elementary,"353,824.70",35.08,"10,086.22",Elementary
35,67462,Cienega Union Elementary,"322,429.16",28.00,"11,515.33",Elementary
35,67470,Hollister Elementary,"61,313,074.72","5,334.75","11,493.15",Elementary
35,67488,Jefferson Elementary,"200,910.38",6.44,"31,197.26",Elementary
35,67504,North County Joint Union Elementary,"6,784,033.64",690.24,"9,828.51",Elementary
35,67520,Panoche Elementary,"174,193.83",4.15,"41,974.42",Elementary
35,67538,San Benito High,"36,403,245.68","2,908.26","12,517.19",High
35,67553,Southside Elementary,"1,748,150.79",193.15,"9,050.74",Elementary
35,67561,Tres Pinos Union Elementary,"979,856.28",103.91,"9,429.86",Elementary
35,67579,Willow Grove Union Elementary,"315,532.24",12.50,"25,242.58",Elementary
35,75259,Aromas - San Juan Unified,"12,162,212.93",991.85,"12,262.15",Unified
36,67587,Adelanto Elementary,"95,938,828.56","7,705.92","12,450.02",Elementary
36,67595,Alta Loma Elementary,"59,972,734.08","5,823.20","10,298.93",Elementary
36,67611,Barstow Unified,"75,006,946.74","5,858.64","12,802.79",Unified
36,67637,Bear Valley Unified,"27,423,963.79","2,282.28","12,016.04",Unified
36,67645,Central Elementary,"45,789,339.94","4,312.85","10,616.96",Elementary
36,67652,Chaffey Joint Union High,"293,120,630.13","22,608.79","12,964.90",High
36,67678,Chino Valley Unified,"283,900,834.93","26,516.36","10,706.63",Unified
36,67686,Colton Joint Unified,"258,065,325.40","20,829.13","12,389.64",Unified
36,67694,Cucamonga Elementary,"31,162,897.78","2,301.44","13,540.61",Elementary
36,67702,Etiwanda Elementary,"146,496,409.28","13,638.32","10,741.53",Elementary
36,67710,Fontana Unified,"490,696,592.89","34,877.72","14,069.06",Unified
36,67736,Helendale Elementary,"7,092,792.65",601.57,"11,790.47",Elementary
36,67777,Morongo Unified,"103,824,160.95","7,941.35","13,073.87",Unified
36,67785,Mountain View Elementary,"25,784,123.73","2,430.45","10,608.79",Elementary
36,67793,Mt. Baldy Joint Elementary,"1,254,043.32",91.01,"13,779.18",Elementary
36,67801,Needles Unified,"12,449,126.19",917.44,"13,569.42",Unified
36,67819,Ontario-Montclair Elementary,"276,522,971.90","19,836.65","13,940.00",Elementary
36,67827,Oro Grande Elementary,"5,402,203.90",90.09,"59,964.52",Elementary
36,67843,Redlands Unified,"234,187,470.66","19,876.22","11,782.29",Unified
36,67850,Rialto Unified,"324,271,619.14","23,921.22","13,555.81",Unified
36,67868,Rim of The World Unified,"35,790,037.76","3,015.46","11,868.85",Unified
36,67876,San Bernardino City Unified,"711,904,641.44","45,957.02","15,490.66",Unified
36,67892,Trona Joint Unified,"7,416,804.71",264.78,"28,011.20",Unified
36,67918,Victor Elementary,"131,281,507.32","11,611.56","11,306.10",Elementary
36,67934,Victor Valley Union High,"136,183,180.21","9,773.36","13,934.12",High
36,67959,Yucaipa-Calimesa Joint Unified,"91,353,178.14","7,855.50","11,629.20",Unified
36,73858,Baker Valley Unified,"2,836,031.04",129.60,"21,882.96",Unified
36,73890,Silver Valley Unified,"30,307,581.43","2,033.86","14,901.51",Unified
36,73957,Snowline Joint Unified,"87,666,436.84","6,985.67","12,549.47",Unified
36,75044,Hesperia Unified,"252,991,214.01","20,624.51","12,266.53",Unified
36,75051,Lucerne Valley Unified,"11,263,609.30",695.63,"16,191.95",Unified
36,75069,Upland Unified,"119,512,502.99","10,195.74","11,721.81",Unified
36,75077,Apple Valley Unified,"157,161,110.73","12,378.06","12,696.75",Unified
37,67967,Alpine Union Elementary,"16,521,570.63","1,551.54","10,648.50",Elementary
37,67983,Borrego Springs Unified,"6,543,356.21",370.68,"17,652.30",Unified
37,67991,Cajon Valley Union Elementary,"199,856,447.56","15,895.92","12,572.81",Elementary
37,68007,Cardiff Elementary,"10,315,642.57",666.09,"15,486.86",Elementary
37,68023,Chula Vista Elementary,"284,868,628.54","22,365.97","12,736.70",Elementary
37,68031,Coronado Unified,"39,984,983.80","2,941.52","13,593.31",Unified
37,68049,Dehesa Elementary,"3,694,623.45",130.77,"28,252.84",Elementary
37,68056,Del Mar Union Elementary,"58,637,439.39","4,145.25","14,145.69",Elementary
37,68080,Encinitas Union Elementary,"63,955,130.99","5,114.26","12,505.26",Elementary
37,68098,Escondido Union Elementary,"191,038,797.45","14,578.89","13,103.80",Elementary
37,68106,Escondido Union High,"101,865,134.13","6,895.17","14,773.40",High
37,68114,Fallbrook Union Elementary,"62,677,623.90","4,729.44","13,252.65",Elementary
37,68122,Fallbrook Union High,"29,705,169.06","2,000.76","14,846.94",High
37,68130,Grossmont Union High,"226,587,296.33","15,397.78","14,715.58",High
37,68155,Jamul-Dulzura Union Elementary,"7,043,438.55",550.63,"12,791.60",Elementary
37,68163,Julian Union Elementary,"4,702,967.44",261.49,"17,985.27",Elementary
37,68171,Julian Union High,"2,886,984.77",99.77,"28,936.40",High
37,68189,Lakeside Union Elementary,"57,867,766.21","4,861.63","11,902.96",Elementary
37,68197,La Mesa-Spring Valley,"134,368,099.30","11,457.76","11,727.26",Elementary
37,68205,Lemon Grove Elementary,"43,027,650.99","3,375.65","12,746.48",Elementary
37,68213,Mountain Empire Unified,"23,130,086.01","1,613.82","14,332.51",Unified
37,68221,National Elementary,"71,117,954.88","4,980.43","14,279.48",Elementary
37,68296,Poway Unified,"396,797,404.80","35,164.22","11,284.12",Unified
37,68304,Ramona City Unified,"58,217,694.74","5,159.79","11,282.96",Unified
37,68312,Rancho Santa Fe Elementary,"12,683,742.19",571.76,"22,183.68",Elementary
37,68338,San Diego Unified,"1,356,169,715.64","97,649.78","13,888.10",Unified
37,68346,San Dieguito Union High,"146,644,610.66","12,557.03","11,678.29",High
37,68353,San Pasqual Union Elementary,"6,069,310.17",569.65,"10,654.45",Elementary
37,68361,Santee Elementary,"66,619,447.12","6,601.68","10,091.29",Elementary
37,68379,San Ysidro Elementary,"63,899,926.13","4,355.93","14,669.64",Elementary
37,68387,Solana Beach Elementary,"49,075,886.98","2,799.41","17,530.80",Elementary
37,68395,South Bay Union Elementary,"72,938,692.97","4,967.96","14,681.82",Elementary
37,68403,Spencer Valley Elementary,"2,591,132.77",39.30,"65,932.13",Elementary
37,68411,Sweetwater Union High,"468,898,039.49","36,824.64","12,733.27",High
37,68437,Vallecitos Elementary,"2,473,160.61",198.91,"12,433.57",Elementary
37,68452,Vista Unified,"268,375,961.40","19,704.19","13,620.25",Unified
37,73551,Carlsbad Unified,"121,676,852.86","10,913.85","11,148.85",Unified
37,73569,Oceanside Unified,"213,083,865.34","16,593.23","12,841.61",Unified
37,73791,San Marcos Unified,"226,996,969.20","20,100.82","11,292.92",Unified
37,75416,Warner Unified,"4,095,062.81",180.97,"22,628.41",Unified
37,75614,Valley Center-Pauma Unified,"45,871,848.30","3,774.72","12,152.38",Unified
37,76851,Bonsall Unified,"25,237,742.54","2,616.76","9,644.65",Unified
38,68478,San Francisco Unified,"817,101,561.65","49,912.87","16,370.56",Unified
39,68486,Banta Elementary,"4,771,983.93",314.22,"15,186.76",Elementary
39,68502,Escalon Unified,"26,822,743.45","2,570.16","10,436.22",Unified
39,68544,Jefferson Elementary,"22,741,457.14","2,265.62","10,037.63",Elementary
39,68569,Lincoln Unified,"99,275,018.86","8,449.34","11,749.44",Unified
39,68577,Linden Unified,"26,302,785.06","2,210.93","11,896.71",Unified
39,68585,Lodi Unified,"335,315,008.07","27,091.33","12,377.21",Unified
39,68593,Manteca Unified,"260,766,084.03","22,301.87","11,692.57",Unified
39,68619,New Hope Elementary,"2,546,455.00",188.28,"13,524.83",Elementary
39,68627,New Jerusalem Elementary,"2,611,539.23",20.67,"126,344.42",Elementary
39,68635,Oak View Union Elementary,"3,965,253.78",365.27,"10,855.68",Elementary
39,68650,Ripon Unified,"32,643,980.56","3,165.31","10,313.04",Unified
39,68676,Stockton Unified,"500,026,300.50","32,964.89","15,168.45",Unified
39,75499,Tracy Joint Unified,"162,366,066.49","13,971.60","11,621.15",Unified
39,76760,Lammersville Joint Unified,"52,688,591.97","5,198.23","10,135.87",Unified
40,68700,Atascadero Unified,"49,932,928.57","4,503.37","11,087.90",Unified
40,68726,Cayucos Elementary,"3,364,193.82",170.12,"19,775.42",Elementary
40,68759,Lucia Mar Unified,"113,426,693.98","9,847.93","11,517.82",Unified
40,68791,Pleasant Valley Joint Union Elementary,"1,034,473.90",50.49,"20,488.69",Elementary
40,68809,San Luis Coastal Unified,"96,158,404.77","7,235.10","13,290.54",Unified
40,68825,San Miguel Joint Union Elementary,"6,681,671.41",596.85,"11,194.89",Elementary
40,68833,Shandon Joint Unified,"4,479,224.87",283.55,"15,796.95",Unified
40,68841,Templeton Unified,"25,289,893.54","2,311.36","10,941.56",Unified
40,75457,Paso Robles Joint Unified,"78,893,149.23","6,433.66","12,262.56",Unified
40,75465,Coast Unified,"11,575,788.78",535.36,"21,622.44",Unified
41,68858,Bayshore Elementary,"5,709,975.31",362.39,"15,756.44",Elementary
41,68866,Belmont-Redwood Shores Elementary,"51,311,954.36","4,171.50","12,300.60",Elementary
41,68874,Brisbane Elementary,"7,945,679.28",445.87,"17,820.62",Elementary
41,68882,Burlingame Elementary,"39,136,053.14","3,393.50","11,532.65",Elementary
41,68890,Cabrillo Unified,"38,226,512.39","3,012.99","12,687.24",Unified
41,68908,Hillsborough City Elementary,"29,209,295.06","1,307.71","22,336.22",Elementary
41,68916,Jefferson Elementary,"72,904,071.99","5,733.26","12,715.99",Elementary
41,68924,Jefferson Union High,"54,450,201.31","4,068.71","13,382.67",High
41,68932,Pacifica Elementary,"32,429,488.90","2,986.14","10,860.00",Elementary
41,68940,La Honda-Pescadero Unified,"6,712,706.41",301.21,"22,285.80",Unified
41,68957,Las Lomitas Elementary,"27,937,651.20","1,203.01","23,223.12",Elementary
41,68965,Menlo Park City Elementary,"51,297,098.10","2,847.53","18,014.59",Elementary
41,68973,Millbrae Elementary,"25,317,217.21","2,298.14","11,016.39",Elementary
41,68981,Portola Valley Elementary,"15,325,362.70",556.36,"27,545.77",Elementary
41,68999,Ravenswood City Elementary,"40,852,585.19","2,242.50","18,217.43",Elementary
41,69005,Redwood City Elementary,"97,504,359.10","7,191.12","13,558.99",Elementary
41,69013,San Bruno Park Elementary,"29,904,499.98","2,360.33","12,669.63",Elementary
41,69021,San Carlos Elementary,"39,101,811.91","2,970.99","13,161.21",Elementary
41,69039,San Mateo-Foster City Elementary,"136,681,780.94","11,279.24","12,118.00",Elementary
41,69047,San Mateo Union High,"164,053,046.48","8,474.80","19,357.75",High
41,69062,Sequoia Union High,"161,718,393.86","8,336.71","19,398.35",High
41,69070,South San Francisco Unified,"103,511,767.67","7,982.84","12,966.78",Unified
41,69088,Woodside Elementary,"11,770,969.22",391.37,"30,076.32",Elementary
42,69104,Ballard Elementary,"2,298,277.80",128.10,"17,941.28",Elementary
42,69112,Blochman Union Elementary,"2,255,518.68",199.32,"11,316.07",Elementary
42,69120,Santa Maria-Bonita Elementary,"215,084,307.76","16,369.96","13,138.96",Elementary
42,69138,Buellton Union Elementary,"10,615,289.00",621.57,"17,078.19",Elementary
42,69146,Carpinteria Unified,"30,542,984.00","2,072.64","14,736.27",Unified
42,69161,Cold Spring Elementary,"3,815,474.49",167.33,"22,802.09",Elementary
42,69179,College Elementary,"4,112,303.71",178.04,"23,097.64",Elementary
42,69195,Goleta Union Elementary,"54,821,149.07","3,435.30","15,958.18",Elementary
42,69203,Guadalupe Union Elementary,"15,825,260.63","1,229.27","12,873.71",Elementary
42,69211,Hope Elementary,"11,159,519.91",920.34,"12,125.43",Elementary
42,69229,Lompoc Unified,"110,323,664.39","9,023.57","12,226.17",Unified
42,69245,Los Olivos Elementary,"2,201,473.08",147.97,"14,877.83",Elementary
42,69252,Montecito Union Elementary,"11,520,968.82",378.96,"30,401.54",Elementary
42,69260,Orcutt Union Elementary,"45,824,480.24","4,186.78","10,945.04",Elementary
42,69310,Santa Maria Joint Union High,"100,586,863.54","7,651.84","13,145.45",High
42,69328,Santa Ynez Valley Union High,"11,593,194.09",876.60,"13,225.18",High
42,69336,Solvang Elementary,"5,033,692.19",574.34,"8,764.31",Elementary
42,69344,Vista Del Mar Union Elementary,"1,418,176.74",46.97,"30,193.25",Elementary
42,75010,Cuyama Joint Unified,"3,462,449.03",186.65,"18,550.49",Unified
42,76786,Santa Barbara Unified,"166,324,897.83","12,603.35","13,196.88",Unified
43,69369,Alum Rock Union Elementary,"143,771,496.03","9,260.91","15,524.55",Elementary
43,69377,Berryessa Union Elementary,"81,245,204.41","6,758.52","12,021.15",Elementary
43,69385,Cambrian Elementary,"36,362,174.57","3,347.37","10,862.91",Elementary
43,69393,Campbell Union Elementary,"88,086,609.39","6,968.92","12,639.92",Elementary
43,69401,Campbell Union High,"106,899,706.23","7,785.49","13,730.63",High
43,69419,Cupertino Union Elementary,"202,463,391.05","16,946.86","11,946.96",Elementary
43,69427,East Side Union High,"285,829,345.07","21,330.10","13,400.28",High
43,69435,Evergreen Elementary,"115,112,629.66","10,503.58","10,959.37",Elementary
43,69450,Franklin-McKinley Elementary,"96,341,963.29","6,990.08","13,782.67",Elementary
43,69468,Fremont Union High,"165,529,877.91","10,591.23","15,628.96",High
43,69484,Gilroy Unified,"128,503,511.99","10,481.27","12,260.30",Unified
43,69492,Lakeside Joint Elementary,"2,183,196.43",65.90,"33,128.93",Elementary
43,69500,Loma Prieta Joint Union Elementary,"7,058,326.11",476.17,"14,823.12",Elementary
43,69518,Los Altos Elementary,"65,971,389.50","4,116.77","16,025.04",Elementary
43,69526,Los Gatos Union Elementary,"41,060,210.94","2,933.59","13,996.57",Elementary
43,69534,Los Gatos-Saratoga Joint Union High,"57,952,308.91","3,380.89","17,141.14",High
43,69542,Luther Burbank Elementary,"6,660,931.17",498.48,"13,362.48",Elementary
43,69575,Moreland Elementary,"54,604,177.08","4,541.00","12,024.70",Elementary
43,69583,Morgan Hill Unified,"90,662,331.48","7,845.76","11,555.58",Unified
43,69591,Mountain View Whisman Elementary,"78,449,439.79","4,946.15","15,860.71",Elementary
43,69609,Mountain View-Los Altos Union High,"96,772,070.75","4,194.27","23,072.45",High
43,69617,Mount Pleasant Elementary,"30,816,372.21","2,127.66","14,483.69",Elementary
43,69625,Oak Grove Elementary,"118,639,115.37","9,502.40","12,485.17",Elementary
43,69633,Orchard Elementary,"9,922,159.87",856.27,"11,587.65",Elementary
43,69641,Palo Alto Unified,"263,967,064.09","11,539.11","22,875.86",Unified
43,69666,San Jose Unified,"348,554,444.47","28,193.81","12,362.80",Unified
43,69674,Santa Clara Unified,"279,246,633.25","14,598.03","19,129.06",Unified
43,69682,Saratoga Union Elementary,"32,987,142.25","1,724.18","19,132.08",Elementary
43,69690,Sunnyvale Elementary,"97,905,509.30","6,389.62","15,322.59",Elementary
43,69708,Union Elementary,"67,584,492.82","5,736.50","11,781.49",Elementary
43,73387,Milpitas Unified,"115,757,306.08","9,951.26","11,632.43",Unified
44,40261,Santa Cruz City Elementary/High,"88,362,330.58","6,080.16","14,532.90",Comm admin dist
44,69732,Bonny Doon Union Elementary,"2,110,621.95",152.08,"13,878.37",Elementary
44,69757,Happy Valley Elementary,"1,403,856.36",105.53,"13,302.91",Elementary
44,69765,Live Oak Elementary,"21,808,398.08","1,613.24","13,518.38",Elementary
44,69773,Mountain Elementary,"1,714,090.02",137.61,"12,456.14",Elementary
44,69781,Pacific Elementary,"1,291,481.40",109.56,"11,787.89",Elementary
44,69799,Pajaro Valley Unified,"260,323,635.18","16,968.45","15,341.63",Unified
44,69807,San Lorenzo Valley Unified,"27,394,860.62","2,191.04","12,503.13",Unified
44,69849,Soquel Union Elementary,"19,996,859.69","1,795.47","11,137.40",Elementary
44,75432,Scotts Valley Unified,"23,959,088.42","2,328.43","10,289.80",Unified
45,69856,Anderson Union High,"18,819,343.45","1,427.43","13,184.07",High
45,69872,Bella Vista Elementary,"4,045,296.09",343.36,"11,781.50",Elementary
45,69880,Black Butte Union Elementary,"2,654,313.66",200.20,"13,258.31",Elementary
45,69914,Cascade Union Elementary,"14,221,341.76","1,009.57","14,086.53",Elementary
45,69922,Castle Rock Union Elementary,"899,939.20",63.56,"14,158.89",Elementary
45,69948,Columbia Elementary,"9,404,750.12",726.78,"12,940.30",Elementary
45,69955,Cottonwood Union Elementary,"10,380,882.40",895.54,"11,591.76",Elementary
45,69971,Enterprise Elementary,"42,397,811.47","3,346.74","12,668.39",Elementary
45,69989,Fall River Joint Unified,"16,082,930.76","1,107.26","14,524.98",Unified
45,69997,French Gulch-Whiskeytown Elementary,"438,449.58",22.16,"19,785.63",Elementary
45,70003,Grant Elementary,"7,446,960.69",616.72,"12,075.11",Elementary
45,70011,Happy Valley Union Elementary,"6,290,449.95",478.49,"13,146.46",Elementary
45,70029,"Igo, Ono, Platina Union Elementary","730,083.81",40.63,"17,969.08",Elementary
45,70037,Indian Springs Elementary,"572,818.45",13.78,"41,568.83",Elementary
45,70045,Junction Elementary,"3,558,701.50",294.81,"12,071.17",Elementary
45,70052,Millville Elementary,"2,611,306.30",255.26,"10,229.99",Elementary
45,70078,North Cow Creek Elementary,"2,577,883.40",248.46,"10,375.45",Elementary
45,70086,Oak Run Elementary,"872,965.06",60.38,"14,457.85",Elementary
45,70094,Pacheco Union Elementary,"7,235,393.63",628.85,"11,505.75",Elementary
45,70110,Redding Elementary,"34,656,697.77","2,783.96","12,448.71",Elementary
45,70128,Shasta Union Elementary,"1,500,457.41",113.25,"13,249.07",Elementary
45,70136,Shasta Union High,"57,100,002.29","4,097.72","13,934.58",High
45,70169,Whitmore Union Elementary,"1,105,426.09",38.81,"28,483.02",Elementary
45,73700,Mountain Union Elementary,"1,291,053.70",69.95,"18,456.81",Elementary
45,75267,Gateway Unified,"29,777,201.83","2,116.85","14,066.75",Unified
46,70177,Sierra-Plumas Joint Unified,"5,792,083.70",377.56,"15,340.83",Unified
47,70185,Big Springs Union Elementary,"2,183,207.43",170.21,"12,826.55",Elementary
47,70193,Bogus Elementary,"225,035.43",17.02,"13,221.82",Elementary
47,70201,Butteville Union Elementary,"1,905,505.35",186.90,"10,195.32",Elementary
47,70227,Delphic Elementary,"633,867.43",58.34,"10,865.06",Elementary
47,70243,Dunsmuir Elementary,"1,154,001.30",85.42,"13,509.73",Elementary
47,70250,Dunsmuir Joint Union High,"1,797,933.16",54.82,"32,797.03",High
47,70292,Forks of Salmon Elementary,"256,435.48",8.27,"31,007.92",Elementary
47,70318,Gazelle Union Elementary,"409,263.29",31.93,"12,817.52",Elementary
47,70326,Grenada Elementary,"2,296,073.20",219.87,"10,442.87",Elementary
47,70334,Happy Camp Union Elementary,"1,403,964.30",103.35,"13,584.56",Elementary
47,70359,Hornbrook Elementary,"887,601.52",48.23,"18,403.51",Elementary
47,70367,Junction Elementary,"474,879.69",26.91,"17,646.96",Elementary
47,70375,Klamath River Union Elementary,"226,439.06",10.19,"22,221.69",Elementary
47,70383,Little Shasta Elementary,"349,616.55",20.15,"17,350.70",Elementary
47,70409,McCloud Union Elementary,"719,033.92",55.16,"13,035.42",Elementary
47,70417,Montague Elementary,"1,628,175.94",163.40,"9,964.36",Elementary
47,70425,Mt. Shasta Union Elementary,"6,055,820.10",527.68,"11,476.31",Elementary
47,70458,Seiad Elementary,"325,064.52",11.02,"29,497.69",Elementary
47,70466,Siskiyou Union High,"8,741,694.07",515.06,"16,972.19",High
47,70482,Weed Union Elementary,"3,474,371.75",243.70,"14,256.76",Elementary
47,70490,Willow Creek Elementary,"621,771.19",27.23,"22,834.05",Elementary
47,70508,Yreka Union Elementary,"10,666,714.73",932.37,"11,440.43",Elementary
47,70516,Yreka Union High,"9,151,212.53",585.18,"15,638.29",High
47,73684,Butte Valley Unified,"4,072,326.67",273.06,"14,913.67",Unified
47,76455,Scott Valley Unified,"8,776,308.74",633.16,"13,861.12",Unified
48,70524,Benicia Unified,"47,907,683.29","4,454.46","10,754.99",Unified
48,70532,Dixon Unified,"36,506,721.41","3,031.35","12,043.06",Unified
48,70540,Fairfield-Suisun Unified,"219,811,559.40","20,390.67","10,780.01",Unified
48,70565,Travis Unified,"58,423,236.52","5,289.46","11,045.22",Unified
48,70573,Vacaville Unified,"122,295,710.69","10,883.27","11,237.04",Unified
48,70581,Vallejo City Unified,"150,107,174.79","10,878.60","13,798.39",Unified
49,40246,Petaluma City Elementary/Joint Union High,"89,056,295.88","7,137.72","12,476.85",Comm admin dist
49,40253,Santa Rosa City Schools,"184,598,204.56","13,597.52","13,575.87",Comm admin dist
49,70599,Alexander Valley Union Elementary,"2,247,784.54",105.44,"21,318.14",Elementary
49,70607,West Sonoma County Union High,"22,313,161.76","1,706.20","13,077.69",High
49,70615,Bellevue Union Elementary,"21,323,616.40","1,533.19","13,908.01",Elementary
49,70623,Bennett Valley Union Elementary,"11,034,790.70",963.70,"11,450.44",Elementary
49,70649,Cinnabar Elementary,"3,524,223.25",244.90,"14,390.46",Elementary
49,70656,Cloverdale Unified,"17,819,173.92","1,308.54","13,617.60",Unified
49,70672,Dunham Elementary,"2,045,354.56",161.39,"12,673.37",Elementary
49,70680,Forestville Union Elementary,"4,247,120.13",225.64,"18,822.55",Elementary
49,70698,Fort Ross Elementary,"712,295.11",16.32,"43,645.53",Elementary
49,70706,Geyserville Unified,"4,126,485.56",216.26,"19,081.13",Unified
49,70714,Gravenstein Union Elementary,"8,366,251.08",718.84,"11,638.54",Elementary
49,70722,Guerneville Elementary,"5,071,800.13",254.03,"19,965.36",Elementary
49,70730,Harmony Union Elementary,"4,353,563.36",234.76,"18,544.74",Elementary
49,70763,Horicon Elementary,"1,825,046.32",60.87,"29,982.69",Elementary
49,70789,Kenwood Elementary,"2,724,036.63",130.08,"20,941.24",Elementary
49,70797,Liberty Elementary,"2,740,418.64",215.13,"12,738.43",Elementary
49,70805,Mark West Union Elementary,"14,950,081.44","1,266.70","11,802.39",Elementary
49,70813,Monte Rio Union Elementary,"1,573,905.27",77.83,"20,222.35",Elementary
49,70821,Montgomery Elementary,"764,163.77",29.13,"26,232.88",Elementary
49,70839,Oak Grove Union Elementary,"11,131,353.70",817.39,"13,618.17",Elementary
49,70847,Old Adobe Union Elementary,"24,459,961.53","1,788.77","13,674.18",Elementary
49,70870,Piner-Olivet Union Elementary,"13,850,544.18",905.84,"15,290.28",Elementary
49,70888,Kashia Elementary,"334,584.44",10.47,"31,956.49",Elementary
49,70896,Rincon Valley Union Elementary,"34,241,297.40","2,819.93","12,142.61",Elementary
49,70904,Roseland Elementary,"31,717,733.16","1,354.88","23,409.99",Elementary
49,70938,Sebastopol Union Elementary,"6,877,151.21",438.25,"15,692.30",Elementary
49,70953,Sonoma Valley Unified,"51,923,529.47","3,624.02","14,327.61",Unified
49,70961,Twin Hills Union Elementary,"8,284,100.86",650.55,"12,734.00",Elementary
49,70979,Two Rock Union Elementary,"2,126,705.29",147.93,"14,376.43",Elementary
49,70995,Waugh Elementary,"8,724,538.85",828.85,"10,526.08",Elementary
49,71001,West Side Union Elementary,"2,023,553.36",172.17,"11,753.23",Elementary
49,71019,Wilmar Union Elementary,"2,519,653.97",237.14,"10,625.17",Elementary
49,71035,Wright Elementary,"20,156,202.76","1,408.23","14,313.15",Elementary
49,73882,Cotati-Rohnert Park Unified,"70,052,793.76","5,451.88","12,849.29",Unified
49,75358,Windsor Unified,"45,858,243.04","3,701.78","12,388.16",Unified
49,75390,Healdsburg Unified,"22,925,988.70","1,363.12","16,818.76",Unified
50,40717,Modesto City Schools,"372,364,880.75","28,117.88","13,242.99",Comm admin dist
50,71043,Ceres Unified,"160,295,158.34","13,122.30","12,215.48",Unified
50,71050,Chatom Union Elementary,"6,925,566.87",573.71,"12,071.55",Elementary
50,71068,Denair Unified,"16,608,946.79","1,223.13","13,579.05",Unified
50,71076,Empire Union Elementary,"32,705,680.62","2,851.24","11,470.69",Elementary
50,71084,Gratton Elementary,"1,623,334.41",142.62,"11,382.24",Elementary
50,71092,Hart-Ransom Union Elementary,"8,173,644.88",786.35,"10,394.41",Elementary
50,71100,Hickman Community Charter,"10,092,463.31","1,012.94","9,963.54",Elementary
50,71134,Keyes Union Elementary,"9,625,792.87",742.02,"12,972.42",Elementary
50,71142,Knights Ferry Elementary,"1,368,650.76",147.26,"9,294.11",Elementary
50,71209,Paradise Elementary,"2,161,410.68",186.80,"11,570.72",Elementary
50,71217,Patterson Joint Unified,"75,714,529.71","5,728.40","13,217.40",Unified
50,71233,Roberts Ferry Union Elementary,"1,786,329.82",158.24,"11,288.74",Elementary
50,71266,Salida Union Elementary,"27,542,115.63","2,249.63","12,242.95",Elementary
50,71274,Shiloh Elementary,"1,869,845.58",164.35,"11,377.22",Elementary
50,71282,Stanislaus Union Elementary,"40,697,454.48","3,487.18","11,670.59",Elementary
50,71290,Sylvan Union Elementary,"86,910,888.51","7,952.21","10,929.15",Elementary
50,71324,Valley Home Joint Elementary,"1,730,610.82",157.98,"10,954.62",Elementary
50,73601,Newman-Crows Landing Unified,"39,499,642.97","3,077.37","12,835.52",Unified
50,75549,Hughson Unified,"21,977,692.90","1,965.96","11,179.11",Unified
50,75556,Riverbank Unified,"35,204,813.16","2,284.66","15,409.21",Unified
50,75564,Oakdale Joint Unified,"55,107,626.93","5,040.21","10,933.60",Unified
50,75572,Waterford Unified,"22,419,982.45","1,726.74","12,983.99",Unified
50,75739,Turlock Unified,"167,998,002.49","13,455.59","12,485.37",Unified
51,71357,Brittan Elementary,"3,898,155.17",435.09,"8,959.42",Elementary
51,71365,Browns Elementary,"1,690,507.51",132.59,"12,749.89",Elementary
51,71373,East Nicolaus Joint Union High,"3,400,815.91",286.79,"11,858.21",High
51,71381,Franklin Elementary,"4,479,788.05",466.73,"9,598.24",Elementary
51,71399,Live Oak Unified,"21,008,591.37","1,766.13","11,895.27",Unified
51,71407,Marcum-Illinois Union Elementary,"2,407,256.81",167.09,"14,406.95",Elementary
51,71415,Meridian Elementary,"923,051.14",44.04,"20,959.38",Elementary
51,71423,Nuestro Elementary,"1,471,761.18",163.28,"9,013.73",Elementary
51,71431,Pleasant Grove Joint Union Elementary,"1,838,315.18",171.12,"10,742.84",Elementary
51,71449,Sutter Union High,"8,138,204.03",723.20,"11,253.05",High
51,71456,Winship-Robbins Elementary,"1,770,204.17",112.79,"15,694.69",Elementary
51,71464,Yuba City Unified,"152,239,409.58","11,722.50","12,986.94",Unified
52,71472,Antelope Elementary,"7,916,707.48",738.41,"10,721.29",Elementary
52,71498,Corning Union Elementary,"22,748,454.82","1,970.68","11,543.45",Elementary
52,71506,Corning Union High,"12,521,664.56",954.49,"13,118.70",High
52,71514,Elkins Elementary,"182,895.38",12.22,"14,966.89",Elementary
52,71522,Evergreen Union Elementary,"11,635,018.94","1,042.37","11,162.08",Elementary
52,71530,Flournoy Union Elementary,"364,626.80",34.53,"10,559.71",Elementary
52,71548,Gerber Union Elementary,"4,686,918.82",362.93,"12,914.11",Elementary
52,71555,Kirkwood Elementary,"1,080,514.43",97.11,"11,126.71",Elementary
52,71563,Lassen View Union Elementary,"3,311,273.17",331.13,"9,999.92",Elementary
52,71571,Los Molinos Unified,"7,379,135.55",532.97,"13,845.31",Unified
52,71621,Red Bluff Union Elementary,"23,200,269.16","1,963.88","11,813.49",Elementary
52,71639,Red Bluff Joint Union High,"21,509,751.29","1,538.10","13,984.62",High
52,71647,Reeds Creek Elementary,"1,509,210.69",167.26,"9,023.14",Elementary
52,71654,Richfield Elementary,"2,290,677.67",249.22,"9,191.39",Elementary
53,71662,Burnt Ranch Elementary,"1,249,859.98",80.11,"15,601.80",Elementary
53,71670,Coffee Creek Elementary,"275,595.10",8.10,"34,024.09",Elementary
53,71696,Douglas City Elementary,"1,912,218.73",169.04,"11,312.23",Elementary
53,71738,Junction City Elementary,"962,095.69",63.00,"15,271.36",Elementary
53,71746,Lewiston Elementary,"1,003,489.69",58.65,"17,109.80",Elementary
53,71761,Trinity Center Elementary,"312,174.67",13.52,"23,089.84",Elementary
53,73833,Southern Trinity Joint Unified,"2,396,141.58",84.64,"28,309.80",Unified
53,75028,Mountain Valley Unified,"4,432,838.81",244.91,"18,099.87",Unified
53,76513,Trinity Alps Unified,"10,470,101.73",682.24,"15,346.65",Unified
54,71795,Allensworth Elementary,"943,077.58",85.17,"11,072.88",Elementary
54,71803,Alpaugh Unified,"4,284,673.95",301.57,"14,207.89",Unified
54,71811,Alta Vista Elementary,"6,791,438.42",549.81,"12,352.34",Elementary
54,71829,Buena Vista Elementary,"2,120,123.70",202.76,"10,456.32",Elementary
54,71837,Burton Elementary,"56,730,817.93","4,771.20","11,890.26",Elementary
54,71852,Columbine Elementary,"1,960,590.12",196.99,"9,952.74",Elementary
54,71860,Cutler-Orosi Joint Unified,"51,526,210.03","3,940.12","13,077.32",Unified
54,71894,Ducor Union Elementary,"2,032,192.82",157.61,"12,893.81",Elementary
54,71902,Earlimart Elementary,"21,527,923.40","1,627.35","13,228.82",Elementary
54,71944,Hope Elementary,"2,499,089.72",226.59,"11,029.13",Elementary
54,71951,Hot Springs Elementary,"321,625.45",18.49,"17,394.56",Elementary
54,71969,Kings River Union Elementary,"5,421,093.55",423.18,"12,810.37",Elementary
54,71985,Liberty Elementary,"5,206,679.71",637.43,"8,168.24",Elementary
54,71993,Lindsay Unified,"67,878,366.04","3,941.17","17,222.90",Unified
54,72009,Monson-Sultana Joint Union Elementary,"5,241,937.28",441.77,"11,865.76",Elementary
54,72017,Oak Valley Union Elementary,"5,754,424.39",536.12,"10,733.46",Elementary
54,72025,Outside Creek Elementary,"1,014,431.73",100.05,"10,139.25",Elementary
54,72033,Palo Verde Union Elementary,"6,241,693.36",573.07,"10,891.68",Elementary
54,72041,Pixley Union Elementary,"14,638,312.39",970.03,"15,090.58",Elementary
54,72058,Pleasant View Elementary,"6,031,076.00",459.21,"13,133.59",Elementary
54,72082,Richgrove Elementary,"9,171,892.29",580.47,"15,800.80",Elementary
54,72090,Rockford Elementary,"3,617,431.33",330.28,"10,952.62",Elementary
54,72108,Saucelito Elementary,"1,177,988.74",78.33,"15,038.79",Elementary
54,72116,Sequoia Union Elementary,"3,379,329.97",337.47,"10,013.72",Elementary
54,72132,Springville Union Elementary,"3,106,430.97",302.65,"10,264.10",Elementary
54,72140,Stone Corral Elementary,"1,662,038.39",129.84,"12,800.67",Elementary
54,72157,Strathmore Union Elementary,"9,450,126.75",743.23,"12,714.94",Elementary
54,72173,Sundale Union Elementary,"8,110,789.96",801.22,"10,123.05",Elementary
54,72181,Sunnyside Union Elementary,"4,413,684.45",354.09,"12,464.87",Elementary
54,72199,Terra Bella Union Elementary,"11,551,612.33",857.27,"13,474.88",Elementary
54,72207,Three Rivers Union Elementary,"1,293,790.69",125.93,"10,273.89",Elementary
54,72215,Tipton Elementary,"6,735,542.65",525.32,"12,821.79",Elementary
54,72223,Traver Joint Elementary,"2,826,236.26",222.44,"12,705.61",Elementary
54,72231,Tulare City Elementary,"110,344,144.03","9,264.31","11,910.67",Elementary
54,72249,Tulare Joint Union High,"73,170,089.68","5,379.58","13,601.45",High
54,72256,Visalia Unified,"328,174,802.84","27,668.73","11,860.86",Unified
54,72264,Waukena Joint Union Elementary,"2,414,029.50",200.23,"12,056.28",Elementary
54,72298,Woodville Union Elementary,"5,652,635.73",409.90,"13,790.28",Elementary
54,75325,Farmersville Unified,"33,044,278.39","2,410.62","13,707.79",Unified
54,75523,Porterville Unified,"157,617,978.35","12,599.96","12,509.40",Unified
54,75531,Dinuba Unified,"76,425,914.54","6,302.28","12,126.71",Unified
54,76794,Woodlake Unified,"26,587,448.21","2,015.75","13,189.85",Unified
54,76836,Exeter Unified,"32,297,132.11","2,617.14","12,340.62",Unified
55,72306,Belleview Elementary,"1,883,724.76",146.66,"12,844.16",Elementary
55,72348,Columbia Union Elementary,"5,233,376.50",461.10,"11,349.76",Elementary
55,72355,Curtis Creek Elementary,"4,781,074.66",449.56,"10,635.01",Elementary
55,72363,Jamestown Elementary,"4,312,599.80",360.95,"11,947.91",Elementary
55,72371,Sonora Elementary,"7,134,652.76",715.14,"9,976.58",Elementary
55,72389,Sonora Union High,"13,308,893.38",956.74,"13,910.67",High
55,72397,Soulsbyville Elementary,"5,006,261.99",516.45,"9,693.60",Elementary
55,72405,Summerville Elementary,"4,112,558.28",381.20,"10,788.45",Elementary
55,72413,Summerville Union High,"6,295,861.02",350.21,"17,977.39",High
55,72421,Twain Harte Elementary,"3,567,510.74",246.78,"14,456.24",Elementary
55,75184,Big Oak Flat-Groveland Unified,"5,191,162.68",275.93,"18,813.33",Unified
56,72447,Briggs Elementary,"5,760,343.71",510.59,"11,281.74",Elementary
56,72454,Fillmore Unified,"46,360,060.99","3,602.90","12,867.43",Unified
56,72462,Hueneme Elementary,"94,748,525.89","7,928.40","11,950.52",Elementary
56,72470,Mesa Union Elementary,"5,963,340.40",590.38,"10,100.85",Elementary
56,72504,Mupu Elementary,"1,529,212.86",157.15,"9,730.91",Elementary
56,72512,Ocean View Elementary,"26,248,609.00","2,441.93","10,749.12",Elementary
56,72520,Ojai Unified,"26,036,825.12","2,269.98","11,470.07",Unified
56,72538,Oxnard Elementary,"202,688,094.63","15,613.27","12,981.78",Elementary
56,72546,Oxnard Union High,"193,371,793.25","15,419.26","12,540.93",High
56,72553,Pleasant Valley,"62,075,233.47","6,032.98","10,289.32",Elementary
56,72561,Rio Elementary,"57,849,512.15","5,022.89","11,517.18",Elementary
56,72579,Santa Clara Elementary,"632,037.42",57.69,"10,955.75",Elementary
56,72603,Simi Valley Unified,"177,362,376.93","15,734.71","11,272.05",Unified
56,72611,Somis Union Elementary,"2,930,838.21",231.31,"12,670.61",Elementary
56,72652,Ventura Unified,"180,163,180.21","15,664.32","11,501.50",Unified
56,73759,Conejo Valley Unified,"190,389,889.59","17,728.65","10,739.11",Unified
56,73874,Oak Park Unified,"45,781,712.28","4,424.57","10,347.16",Unified
56,73940,Moorpark Unified,"62,563,919.66","5,896.79","10,609.83",Unified
56,76828,Santa Paula Unified,"67,356,343.91","5,020.07","13,417.41",Unified
57,72678,Davis Joint Unified,"98,731,785.69","7,674.57","12,864.80",Unified
57,72686,Esparto Unified,"12,549,729.57",886.90,"14,150.11",Unified
57,72694,Washington Unified,"90,438,943.04","7,249.84","12,474.61",Unified
57,72702,Winters Joint Unified,"18,640,169.58","1,471.93","12,663.76",Unified
57,72710,Woodland Joint Unified,"112,276,752.21","9,221.81","12,175.13",Unified
58,72728,Camptonville Elementary,"776,334.87",44.68,"17,375.44",Elementary
58,72736,Marysville Joint Unified,"107,389,549.48","9,072.18","11,837.24",Unified
58,72744,Plumas Lake Elementary,"12,851,169.64","1,283.04","10,016.19",Elementary
58,72751,Wheatland Elementary,"15,925,495.90","1,236.92","12,875.12",Elementary
58,72769,Wheatland Union High,"9,310,830.77",748.75,"12,435.17",High